mutant_label,oligo_label,sequence,scale,purification
E406N,E406N,accccatgcccagttaaagttatccag,25nm,standard
Q19N,Q19N,gccaccttcaatgttatagctgctggt,25nm,standard
H119D,H119D,cggcagatcccaatcatacagggtcag,25nm,standard
H315D,H315D,cggttcttccatatcaacctgttcaac,25nm,standard
E177D,E177D,acccggtgcatgatcaccggtgccata,25nm,standard
R359E,R359E,aaccagttcatcttccattgctgcacc,25nm,standard
H119N,H119N,cggcagatcccagttatacagggtcag,25nm,standard
N293T,N293T,acgggtataataggtaatgcccagaaa,25nm,standard
L219I,L219I,atgttccatattaatggtaatgccaat,25nm,standard
C167F,C167F,cagaatgcttgcaaaatacggttcatt,25nm,standard
S16T,S16T,aatctgatagctggtggtgctggtgcc,25nm,standard
